sleep_hours,exercise_freq,stress_level,nutrition_score,genetic_resilience,bio_age_offset
6.2472407130841745,6,0.9553531383466818,64.05022494543567,83.35243180179634,10.23
9.704285838459498,3,6.23859324676573,90.17413716484424,87.19672499781146,10.68
8.39196365086843,5,4.517676787372292,96.46140268159269,90.1771040780366,12.24
7.59195090518222,2,5.866084631754741,70.25513472637832,70.98564238528647,7.73
4.936111842654619,6,1.6801420774486342,95.30555010662485,78.8307946877366,12.46
4.935967122017216,4,7.368737449441821,66.0747850623941,89.403782745372,6.1
4.3485016730091965,0,8.627970775432285,73.82184931718959,94.63078958377697,4.81
9.197056874649611,6,2.1673980009077565,61.30144989079999,91.13317588653172,10.53
7.606690070459253,4,0.9571455552016173,82.0238021087922,73.00135419185318,11.97
8.248435466776273,5,0.23638586046336396,98.94905575874044,66.83082810265276,14.58
4.123506965774815,5,6.4197150044326605,80.17465480216893,77.12873880923061,7.96
9.819459112971966,0,6.070940360887808,67.89070420567745,85.95745081426148,7.68
8.99465584480253,1,5.4669741271407,82.39087229952642,77.23991747636542,9.4
5.2740346640696565,0,2.3194709611597544,56.14603392326938,76.9113302159784,6.56
5.090949803242603,3,3.9090599590551465,94.43295401326993,89.33806473786302,10.43
5.100427059120603,6,5.944763351861731,75.15419753899181,72.64913226735152,8.38
5.825453457757226,2,4.967668588591694,72.4674871019821,90.0928136184076,7.69
7.148538589793427,1,9.877855202148872,79.29323942267595,74.23816803331033,6.15
6.591670111852695,0,1.3643975255673313,81.23919313947013,71.48815869874188,10.08
5.747374841188251,4,6.951445540475937,53.58879031132565,75.88964689198946,5.38
7.671117368334277,1,4.043187681042921,84.13086106117012,86.6856435536204,9.76
4.836963163912251,6,4.281996149256147,62.09658401577648,64.4100709752398,7.8
5.752867891211309,1,7.175977656581763,85.69763162532949,66.8746725555206,7.58
6.19817105976215,6,6.924361513243697,91.12673971920984,93.30056889820821,9.93
6.736419905302215,0,9.912559937021882,90.197925377626,66.14220695834751,6.76
8.711055768358081,6,1.2839428945412523,77.62504837039445,79.8704561275869,12.4
5.198042692950159,1,1.0410964938416634,76.00849461553756,80.27600633316783,9.46
7.085406630481669,4,7.243388171287411,57.14379806697059,77.13685617175857,6.13
7.554487413172255,5,5.783869170064091,88.76730752015678,82.56608370018864,10.51
4.278702476319986,1,2.7416066655980584,63.570469022335715,68.04393540291665,7.0
7.645269111408631,6,0.794193689889866,74.83477114089733,79.34317937218619,11.94
5.023144742123749,5,0.8565824959643054,64.21370464637583,73.0260639336414,9.5
4.390309557911677,6,8.941908746641182,56.691418149984656,83.15835408702162,4.75
9.69331322352,4,1.918673247187429,81.47788484458682,64.94282401806024,12.27
9.793792198447356,6,3.2337156211552074,52.71660174114519,79.98070958938166,9.37
8.850384088698767,0,2.26656402226988,87.43226170631,66.48446243841633,11.15
5.827682615040224,2,3.5499630583193733,65.87933976305584,69.75250720902628,7.74
4.586032684038303,1,0.6942384274609337,50.00673465022427,67.65484301132541,6.79
8.10539815907294,2,5.190597909082704,75.55645696186149,66.3993222954086,8.8
6.640914962437607,6,0.676125635922149,52.34259542638016,88.89988330462334,9.35
4.7322294090686725,4,8.003565078223616,63.80847789104497,69.99976486813117,5.47
6.971061460667621,1,2.3371208191043302,85.3488243727858,92.44933236525573,10.45
4.20633112669131,6,5.400119146045106,53.13448108109329,93.94742838708169,6.1
9.455922412472692,5,8.800790875614583,91.96692461780012,79.9941164477984,10.08
5.5526798896001015,3,6.5087736904719415,50.19099613292916,65.00503929330043,4.89
7.975133706123891,6,5.329577865513353,62.34119346009511,73.10918851828535,8.56
5.8702664565364655,2,3.243337531153756,87.04520280760357,87.9206292171875,10.03
7.120408127066865,1,3.330019130581979,65.81350748646534,72.85867550439747,8.06
7.280261676059678,2,6.694869551981901,55.094619403300676,63.04560264059761,5.67
5.109126733153162,1,9.941393612211675,68.0116959400214,79.48747188248657,4.17
9.817507766587351,6,6.618391898493786,63.51966431922628,89.57922980236121,8.77
8.650796940166687,0,5.577834173700249,92.13559510802774,87.85742355002259,9.88
9.636993649385134,5,7.306505102392461,65.66739587925716,66.12930990456236,8.27
9.368964102565894,6,4.652056122837181,89.44662358880036,83.54676150443633,12.17
7.587399872866511,2,0.6014234260078521,94.59360724053673,67.71764922024765,12.79
9.531245410138702,3,5.6229681587790985,71.69087097882648,67.63726370932602,9.07
4.530955012311517,3,9.576252845053801,95.4971571927196,90.59251206568148,7.47
5.175897174514871,4,1.7530294235765964,68.86590269815964,68.73841334590806,9.28
4.271363733463229,1,6.900048908206657,98.20392082450542,69.2136571281304,8.38
5.951981984579586,2,2.0093368865905648,54.46447622627865,60.02286867664549,7.42
6.332063738136892,4,5.3582768447308124,84.35096332516213,90.47341619439311,9.49
5.628094190643376,2,0.9667644964671962,74.69070202284644,87.74081846231971,9.84
8.972425054911575,1,4.503709362581851,69.38244027278236,81.95651272817373,8.58
6.1405199601615355,6,7.561633288952461,81.63559393743004,86.25930173785947,8.64
5.685607058124285,6,3.4757152423898208,85.19285458171656,65.32169985985722,10.86
7.256176498949491,3,6.64911724487218,50.21816348251546,76.04132581056514,5.5
4.845545349848576,6,7.954499607897292,58.347654437359935,72.29267855720732,5.6
8.813181884524237,6,9.271778194794527,85.65230253171593,63.28217841899558,9.25
4.447303862078625,0,2.3464208185545354,83.31927067891033,77.01456698252234,8.94
9.921321619603104,3,3.993159158093081,98.30237525643386,92.22588776199224,12.7
8.633468615779945,4,1.5241601333041743,88.05188951253915,61.402069166774304,12.7
5.192294089205035,5,9.924835021583752,97.53863538656691,70.20113197228278,8.37
4.033132702741614,0,9.270009679242953,85.12702507674035,67.26393276719962,5.49
8.892768570729004,4,5.399571302805596,64.90261043197216,68.33513287829938,8.55
8.241144063085702,1,8.420332943764212,55.268246112542826,91.79520931577814,4.91
8.374043008245923,0,5.209579772720422,89.09119316724679,76.38241689820015,9.65
8.627622080115675,4,6.2358568800275975,82.2074610737958,76.32047945289366,9.75
4.444267910404542,1,0.8912443211601662,52.40930061966481,86.62014748593488,6.87
6.150794371265635,3,7.552704204968079,68.00252329504892,65.40722714017241,6.38
4.695214357150778,5,1.2771348363523483,97.8399907742143,77.05428739350178,12.52
9.178620555253561,1,8.260676302525283,75.02005728551006,75.04948249423708,7.34
7.7397887609653475,6,7.820280876703859,71.63645680098523,80.89187416913296,8.15
5.985388149115895,2,7.087446977429765,72.8849802579647,94.98451961376534,6.74
4.381350101716142,1,0.36160380524762115,60.444136200258185,86.93071129287165,7.92
5.865893930293973,1,3.031283559453286,68.43535854323976,73.92529960560995,7.97
5.951099932160482,5,2.631125699108429,68.49066279935883,88.96435682959165,9.41
8.377637070028385,2,3.6013640747151907,52.61775100937362,65.9747927159368,7.41
7.8253448281312785,6,0.8764274676383854,88.37838142589591,61.0662290208136,13.33
9.32327645545796,4,9.369578230310628,70.82522159519395,67.15569303624956,7.33
6.8332895509716955,4,5.538022407123763,91.10899434082117,71.91440446399909,10.28
4.71756547562981,1,3.0552431065802352,92.51740005599477,77.8703265110846,9.91
8.27946872333797,2,3.969815170742834,60.599702734932904,81.52951991894199,7.99
8.564710291701385,2,4.472025405048356,82.86767410850644,91.87120010250476,10.08
7.367663185416977,6,6.005943333606173,73.6140902081491,77.84489033426601,9.11
8.625803079727365,5,5.156794276964978,94.00783689607425,77.54464756190053,11.77
6.9627735781863445,3,9.193919732144174,60.787033958822704,61.75850534380437,5.17
7.136396976291964,4,4.969634829058302,83.89066001550222,61.22190434296783,9.96
6.565246110151298,5,9.921580148233126,80.38760611263612,79.29059866707303,7.2
4.152514760464571,0,8.514249577450958,64.76507387859164,75.33625146369207,3.88
4.647348561959827,4,2.085105143573358,56.83004518255863,89.37131382431045,7.7
4.188575114120406,5,9.305952146439163,82.58198802386383,65.62378546491458,6.78
7.818462467582682,4,1.163663978854761,86.92987290661654,60.87400817409674,12.44
5.88613588645796,3,8.174497084911916,65.78136718816751,75.7163568775544,5.75
7.051424146988216,0,3.806232934765801,82.2416302011157,68.311749486329,9.14
9.445398843556557,3,8.779743204450694,69.75654538057516,61.73650306685931,7.26
5.495753374893249,6,8.680566901074503,85.66034416413089,85.36094003966701,8.22
6.462297538213779,0,8.059254001176212,59.96076374470265,63.90575499850366,4.55
8.533306831258292,1,7.900304363070614,94.51075013180872,81.29118250027201,9.21
5.372788992949735,5,3.046791390980408,64.37047982327898,69.83674125584112,8.56
4.461879458972758,0,0.8091928305125218,68.38929938780765,66.07236176242577,8.22
5.738508717482608,6,4.029801787651614,52.90459760401749,73.29130330217612,7.37
4.9673277235240265,6,1.7352451498650867,55.57561061606382,88.05060216780338,8.48
9.578185914055439,3,6.9495108890246176,75.7930951356164,73.72327519166004,8.84
8.848722277386502,4,3.4609972653778556,63.379633836398575,86.27693772238695,9.35
7.800422539062541,0,9.756102008599148,91.77401128710972,64.39202038797028,7.42
9.228763541126305,5,6.40972077345332,50.734669432747694,87.04699968827777,7.06
8.822032461394688,0,8.224805636343609,68.95470243359681,68.29266637173271,6.31
5.119420353316215,2,1.3252467274184843,66.86727733845464,83.70875954611054,8.67
9.355353990939866,4,8.620144822726225,50.966381545880054,79.80235441943488,5.73
7.2360534514939046,5,9.227571905133944,56.21841995002551,92.52006510240906,5.4
8.844640930984376,5,4.870619188189359,70.68213374593176,73.556288129136,9.67
9.376547799540958,1,6.062529377509774,74.64322922237233,62.315781609205416,8.48
5.908020849831184,3,7.648098009029955,70.21448736274345,60.67044199429385,6.46
4.66031154716606,1,1.7483862726041255,76.5468839206047,88.94004963404636,8.94
5.36761097525165,5,5.0256607646344245,79.75658374528408,78.36574731815013,9.11
6.562646731757538,4,3.986630277723131,50.49619105639178,87.13354181422322,6.88
8.90808859553496,0,1.4637399216224911,73.2047579726752,68.20489600040301,10.15
9.164383499538062,0,3.6753442229153146,98.17496204437941,72.07793109296318,11.65
4.041712783187144,4,0.6817230938549357,75.95161400647743,61.05363552739616,10.07
7.064483815465394,5,0.25811906949486985,83.87711337294766,93.65223136009394,12.58
6.504466018892674,6,1.3516628915482276,65.59319289584415,83.37537673452847,10.29
5.332646862824381,0,9.631151115891738,88.69956890763812,92.66217807157571,6.19
4.719192204002097,6,5.49529535895017,88.64607409380575,69.29237426001754,9.8
6.025691028421768,0,9.6582216115322,76.06480238270694,81.40122639289814,5.19
9.657458223475114,0,4.32497878330132,98.80069116396068,83.74749889024233,11.58
5.939217592124532,3,3.1181613308525957,56.27751073813267,71.11423950901559,7.34
7.112743730460196,3,5.061418628402441,50.84738324447905,89.68382322554706,6.3
8.218113753371068,2,4.3951168863291015,88.50791058785481,93.15065120150868,10.54
6.181777614275764,1,1.0566468426174391,90.35777686824413,90.96992911936016,11.28
9.830692496325764,4,6.408263146902062,56.01036145602881,85.86734415787804,7.53
9.774683769652668,4,2.160381825095996,63.2791416479303,69.7112637903734,10.36
5.510693774952185,4,6.195879548978295,50.877618168331445,69.85656147369711,5.39
6.983491035354312,2,6.502010923981533,64.66543053902824,93.71761121561133,6.61
5.805269858900618,3,1.520248531286481,88.65709369593358,60.359957357749224,11.33
5.709042966264805,5,0.6134962711066816,75.89802638562895,85.06174906347505,11.07
4.221321684127197,6,7.807615860684399,67.40477965841441,84.71861568943417,6.33
7.657386003879381,6,4.5980042376932015,68.58696474531652,81.7941339332429,9.42
7.016074139373169,5,0.5816379550547579,50.06768128577341,94.6538096130403,9.02
4.308872507499936,2,9.948663171697671,64.9900263782618,70.91578025173038,3.85
5.671878785419668,5,0.5778056099636664,82.32293708189653,71.89901523276369,11.71
9.449595315799922,4,6.950352288585532,98.70972219081786,62.76287910312944,11.38
5.437371344001835,1,9.836789252634135,92.35304134919497,75.49793477903081,6.79
4.8693692325473386,0,2.391801042159256,51.17974823227646,69.13669841821968,5.87
6.936716561665378,6,1.4224936868719618,94.92803023374196,72.01853457621755,13.36
9.913902724663604,3,1.213849394224289,89.15992066493129,89.21001265894697,13.17
5.452331629069002,3,3.0327514756759557,89.01880617854903,92.74195797346235,10.47
8.03281328443527,2,1.010458110106467,72.89978795017858,66.50065752018149,10.6
8.569717691972306,3,6.9216134169413195,69.90026464772514,73.03781260437131,7.86
5.425825263954398,4,0.6229179813006269,65.14578644165962,92.5020696740388,9.57
8.369298091671158,6,5.094221281497897,53.284742947718286,62.163296124122795,7.93
6.20669879631552,5,9.966968538529768,61.41176817468495,63.23261848389825,5.14
7.793834983561477,4,8.139702695060189,62.33018174890123,65.69768462221803,6.48
7.801178264565368,2,6.152194382310109,74.20385348551008,80.83244919444061,8.06
7.214648104448551,4,3.062536207866117,87.3722203298347,65.26652948520992,11.29
4.54173862032645,5,6.238958362916385,73.69049141989733,93.88267335077568,7.57
9.011814973535428,1,5.270414639116517,52.89222247235803,75.6350084540482,6.56
5.9246803898304155,2,4.260833838903714,97.8894900494102,77.55312861225582,10.63
5.119111062399125,1,1.3071037674019947,97.13621595470562,68.63305155318923,11.41
4.2446508493285835,0,8.866042152404667,89.25947715742042,76.48360883521568,6.19
7.545357659129451,1,4.497846488213225,99.56639507821103,83.16697714229541,11.03
8.065386171053694,0,1.9462251182076507,77.22411664001315,86.2911997933915,9.98
4.099526973567137,0,3.677593508772896,98.13841751266031,86.38538289484696,9.61
7.072558349795686,1,4.1412975252892705,53.78025203083754,80.22618894429309,6.44
5.358974651187628,2,8.275378955668742,68.28403741306857,91.652592124785,5.43
7.871036742456699,5,7.336143805614021,61.26906340033829,88.60927465571383,7.11
5.046198574029948,4,7.693048936413398,59.7916542067135,86.49668401445189,5.35
8.145626428614795,4,0.11031264428647214,57.0401474446338,61.94619325881612,10.11
6.3204120778032244,5,4.161539981797615,81.12068207829984,60.24072867768773,10.06
9.620379932420407,6,4.813441516353237,89.06609278736525,67.43565470184156,12.15
4.8251256648759595,6,0.19192276823056686,78.91491997101804,83.22332578697083,11.53
6.046398106301551,0,2.598132087450342,57.34813547941049,74.39191211088911,6.85
4.680841127443534,0,7.60289823122135,90.55618849667354,74.08421907547591,7.13
9.548161709671376,2,1.3710970572899905,81.79773535818643,90.96054108803648,11.91
9.264036120285887,3,5.353101314525917,69.40828530634977,91.34469968461435,8.87
5.547649766290934,1,2.152018720172375,83.70651477680315,91.8211342418755,9.81
7.959904276205075,0,0.12120774643893273,62.995248962141645,70.98573267802595,9.42
8.903333201207296,4,2.412014575995415,67.25961042471053,84.18695344587417,10.28
7.331204869596774,2,9.758737549100537,95.87429215659951,69.50716134460293,8.24
7.177903470136039,1,8.015371118829895,64.52522528357102,66.67134415760574,5.62
5.45111374540271,2,9.595766443210334,73.49941340789684,66.46213600715792,5.33
4.558616606835395,1,4.878540439263625,94.50705686980073,71.97376673022579,9.13
9.38329454771996,1,1.097361986775035,85.38606751337637,75.04851669229376,12.04
9.402508342979983,5,5.47959488973693,53.110161308235135,89.08322098692739,7.83
7.798608743639607,0,4.543773345599609,57.36515221394852,64.19618827154493,6.58
6.034178746292204,2,8.44357082739616,50.392079538595844,85.72240465882129,3.83
6.095257447675966,2,0.9808258078424459,81.54608951145818,78.60092199662569,10.7
8.355734073221436,5,4.882411370217782,72.38367127052092,70.07808699365974,9.64
9.382661559715462,4,1.5004866469398426,56.713742545113774,77.24868545864886,9.87
9.322518545590704,4,3.2467592689005995,97.89670605283852,70.49797244219579,13.1
8.679253275145744,6,7.373570773877996,76.482986197281,80.86286843334071,9.23
7.852189876925727,0,4.7601812936876655,62.09466470564446,75.18453729993355,6.97
4.504839789970293,0,3.7588828514576935,75.03017855773538,65.75419351776075,7.43
4.969772284567682,3,3.944762785700353,83.98101663675538,64.08040760944938,9.31
9.391325131162475,5,4.594467684059866,53.81196089867822,79.13434887252455,8.34
7.638574357957539,4,7.850165438370569,63.7351907523946,91.58445616501362,6.7
4.055182309699778,1,8.920846889402345,90.34827454419968,72.038519029519,6.5
4.608829257196192,2,9.553346865039282,72.98324352013306,85.65500375279181,4.97
7.981010614648335,0,7.869033862552951,77.32885710161474,83.05314742289184,6.99
4.030369503077312,2,3.1540689574801273,71.64080011047346,92.60442200083183,7.8
4.964848308504992,2,6.881347060865421,52.194997132150256,88.73433560546994,4.36
7.2924027361995165,3,4.376031240553919,58.2874889910078,79.8311840616912,7.46
8.15137118615616,4,2.5467062204605115,72.27708193709455,82.99606743819376,10.41
7.911767557015603,0,8.408715794259226,60.459273270396395,91.44352633044122,5.01
5.3456158567633585,2,0.38426348962324997,52.49895143298394,73.98315746054271,7.8
8.273075328085216,0,9.017619921354235,92.18248320259119,71.4378147050222,8.02
5.4234945249808,1,4.614774646247342,99.0596264582058,60.37838792723187,10.07
5.952398188955606,3,6.3720147680828045,89.65714369983698,88.92928759670124,9.06
8.478948430708144,1,6.593539222057827,92.68924608523335,88.03432451411777,9.66
7.8977973942832875,0,8.951177407065364,62.09885651585227,63.6559081335053,4.89
9.095340462965067,6,6.366696821672074,98.03134877565998,80.1900083396445,12.06
7.94567735380206,0,6.139335847600618,59.84628522267142,76.23935943584107,6.09
7.40985162001283,4,0.6665204056068996,97.57149051809162,64.1548183428189,13.59
4.562048606968554,2,5.18408021945204,99.74096469829755,94.31988794712532,9.81
6.206294818356601,2,1.5016900081704165,85.58614028730244,67.51435606121744,10.89
5.591214206090353,1,7.374337687214856,99.0571865895911,62.35319630316964,8.76
5.463937860274502,3,5.122219208126745,78.47698897835518,80.81965828256683,8.37
9.838063328514673,6,6.802277792083533,62.97708915880452,85.86033369965614,8.63
6.358586348000562,5,0.41672900602384266,71.84979428328104,61.13552061165154,11.02
9.352279331062679,2,0.8479201604580322,79.6780467689393,83.05511735544577,11.88
7.786831755983577,4,7.163233880626823,53.65407810135075,78.6302156583009,6.1
8.768867821249891,1,0.7208433599867337,81.1171632308623,63.614275310626695,11.56
7.015822558631153,1,0.712567277652586,99.05889183811473,66.03833569312268,12.66
7.461423307758155,5,0.1210847523488745,59.50538248918638,79.87910040606282,10.37
6.955106162913183,4,9.5650139829948,89.62975581441916,70.37251647296509,8.16
5.171457926788267,3,7.37508359459007,95.39493968898097,92.84105050279607,8.82
8.334712691569031,4,3.5325140850206416,97.18507964101104,88.65590803194178,12.49
5.684634174645135,3,2.9653558128765525,98.00678022027236,94.4248522279782,11.49
4.1458957985887235,4,3.4970322974584955,76.0729819360736,69.0884793632645,8.72
7.872833775443007,4,7.746535311811819,98.86539539957519,93.9403271479292,10.36
5.062664076442294,0,6.613706110704144,87.86551035672194,75.09318544270452,7.5
9.642751506117486,1,1.8519556786746794,58.083571811848095,72.16315783598141,9.04
9.723571462015524,4,1.7410933533408435,73.8450053233985,61.762233443927364,11.6
9.489186341322691,5,0.9839564971339732,85.9165587686002,61.846784025086095,13.4
6.220952201532667,4,6.603027197013382,62.36701579095417,84.22039395813292,6.62
4.092739699173205,2,7.643726622217359,82.03075917744437,76.02751480519098,6.62
9.569911375526353,1,2.6504642832500402,83.33002395233096,67.9282569112637,11.14
6.569104889903886,2,0.20944961030912812,58.13498719042829,81.48896072138314,8.94
9.799928914262019,1,0.8217166747642735,78.25426562263782,68.8500341387539,11.63
9.781719862535518,2,9.678600348450304,88.58134554893039,80.2171114020548,8.53
9.11805673280416,4,2.9544477747742026,74.9447832267971,72.57230614439416,10.86
5.766693352417514,4,7.692231478381336,50.60515583880537,88.82432793141366,4.72
6.310586371611551,0,6.2466356885426375,50.45192345396461,88.72436562683728,4.45
9.106820029101142,5,3.8193963965289592,67.85146719850061,76.70726393428404,10.02
5.901532030937666,2,2.0568726219555513,96.30970342158909,72.27866882672555,11.56
5.016956480116555,3,1.2138641815940643,61.43383898018044,72.68959287956831,8.44
7.340807574750101,0,6.150129680388666,81.71818444358436,88.20000839838762,8.03
9.616928644964686,2,7.74633780637788,61.103793534666025,71.48628189791643,6.68
8.176178780049838,2,6.439042535411307,66.08349948297743,67.31707807973962,7.26
7.42036702053619,0,5.303021332491583,92.4021044800742,62.96409196563574,9.56
4.583058962624611,4,0.41951223431636264,86.44307211349735,76.3342592309543,11.47
7.690043360195018,2,9.684887775943839,54.76996386566053,76.87462346219446,4.31
9.94032310062558,4,7.987141916545745,71.43510104932167,89.43180486410175,8.33
4.840504091419144,0,2.928220367009647,51.458488182263224,67.74335437561224,5.62
7.10997791418242,4,9.799703293588507,74.04450733015045,73.334694578394,6.55
9.264238431567733,1,6.018815896363221,83.1217005850534,88.29420086127918,9.31
8.444611706525226,3,5.824226582072464,55.92513117990758,88.82682637621407,6.96
8.182094445971607,6,7.4807317942953215,64.44424694545829,73.46138765925689,7.78
8.214904503922655,2,8.117697880901375,69.89183127510785,76.06934081503383,6.82
6.156946907318531,5,6.564786073315027,95.97655123280248,70.6150061797249,10.28
5.761551065586961,3,1.2809574636620003,99.66275077114821,92.63942074467593,12.53
8.856166932871082,6,3.382675059944984,52.24556494978079,64.15253180095532,8.88
8.860680368075084,4,9.280836403260498,88.0503961747696,92.68122980505146,8.91
9.202433911480622,2,2.2461561184385195,68.58620332011716,83.93532581423702,10.02
9.479443315338827,4,3.7216702383751334,69.622909311474,78.6050253440356,10.09
7.068054393165626,1,4.32076882944196,87.71324866735114,61.14306712745736,9.74
7.009097768123198,0,4.394049896944522,95.92132160727044,76.64586671377029,10.2
8.789771073800651,2,6.129395824945255,97.54642972512741,74.27118367509563,10.81
7.899783584666591,6,9.430758377447075,78.85612930191604,65.64265841912929,8.13
8.21180126354622,6,2.40692711832505,67.85605796502514,82.974336122523,10.67
8.774756016616607,1,1.2150137630091806,89.37745429293896,93.99028175789,12.14
9.340032050905398,1,1.9747048985993731,62.55006916311501,79.67660838725838,9.3
6.027970941109215,2,8.869249002092696,78.20370144167589,85.0163646755381,6.4
6.253497715839664,4,6.458108126552061,67.92892307624366,62.395765839810586,7.27
4.563891639045214,5,2.859067892391601,82.8315536853938,74.61834485359482,10.18
7.469680845977043,6,8.159469389686173,62.019945644675346,64.07254698075735,6.91
4.2156536427804525,6,8.61369996363436,59.57964728674129,81.44785424377787,5.14
6.793588108794761,1,8.465143386902781,95.91195433377186,92.84687553749541,8.38
7.25586780824546,3,9.189265336395545,55.09018414747685,83.16222063650736,4.72
5.719247512769707,1,2.522410201733616,75.29789538674657,62.688106691004755,8.86
7.5449995634140645,5,7.550419287462783,61.04263914815044,72.4133171744779,6.85
4.183001499634297,4,4.6053949727414,51.94649816628337,79.2732182804298,5.77
4.224089132495287,4,8.419985528900614,51.80094091457132,74.11227146466382,3.86
8.935603363957949,3,7.284906771616132,58.76108860529136,89.17754036663104,6.71
6.161143848467577,6,7.764474464997246,93.33851772530002,88.51348516484963,9.72
4.762363075911309,1,6.561618376810715,64.12393719885134,81.41408570361276,5.34
7.133459560328826,4,1.7742876946970687,97.52295852876479,73.07102807964469,12.92
8.619961318591665,5,5.450269188969383,79.08111464945968,68.93677308171354,10.13
5.294926164981059,2,9.846697395245082,71.8307094884383,63.705601137459524,4.98
7.737342854914002,0,9.373880664971189,79.00444173347273,72.42141892202939,6.31
4.512084789962608,0,0.4317373579701167,75.83491926131339,74.46103810227018,9.17
4.310090327011646,0,1.6481481572943713,87.93881268786626,83.65380237864258,9.69
7.188127789408888,6,1.317287734545619,64.12480329864262,83.03559385041507,10.43
7.243810729660639,1,7.259799099852955,67.65251958001512,62.453784887443994,6.33
7.824579408989239,3,8.17785329856945,94.70471512666253,73.83407604009052,9.41
8.35654800233597,4,2.1351136631067194,97.32282565752027,66.36226035260766,13.21
9.855112476775208,2,5.05852692951829,94.62791137432373,65.4884446860882,11.48
7.097802089807172,5,8.407030280112,70.97239969786568,88.95557524080361,7.23
5.937738837647476,2,7.328015447662506,89.01827515034408,61.46703258506901,8.21
8.771117168612221,5,5.422372054918483,73.81678666505493,74.67140065657425,9.68
5.624993507572445,6,5.903476904587729,74.87699260730511,65.88712795182813,8.59
6.633828524233817,1,5.0836054691628,60.234005452864196,90.7765575487466,6.44
4.470738288053596,0,2.9754845131882055,79.55651516292582,79.49641796462623,8.26
4.152104460492745,1,5.650219928590161,59.306794887667394,68.09832227318968,5.07
9.77589048806755,6,6.888853020500907,66.5782349533597,77.58495505082317,8.92
9.015880723073234,3,8.733229158608077,92.75151008099675,85.60202258960905,9.41
8.175845236562187,3,6.362913539792481,60.35379046054276,93.53413031218018,7.02
6.45371766648562,6,7.61121537043158,53.557914258671644,67.71561014858966,5.93
5.039765920425075,5,1.60071634954573,53.45037963064082,91.01636202452708,8.06
4.938622256026516,4,4.6155747441978985,97.03922602515539,92.70064399586215,10.57
5.501457388987572,4,0.09331619827093296,75.34602189809173,92.07471905862232,10.89
7.295359988236723,5,2.46678864521623,70.47060359085091,82.23950249016684,10.23
8.287575536200375,3,7.264617151130048,90.54392905039592,82.04372290521476,9.64
7.961184260306387,3,9.918099513493635,91.79129639552579,74.1123721614338,8.3
5.679603381675657,3,0.9917809958721591,66.60955165578022,86.33392588063258,9.34
9.729191683979165,1,4.0149431586128825,84.68090287368976,78.59529064228262,10.65
8.427381500174612,3,8.000709686991595,88.55614079259433,83.7103324929903,9.13
7.326124315068404,2,2.0403563462889887,82.73253434329773,74.99602663470785,10.78
7.670324477406114,0,5.550849493022863,57.57975374000497,85.60237624150986,6.05
6.517600374566739,3,7.330712960296748,93.79415417585285,88.85650311615922,9.22
5.486385937006945,5,6.159854502601791,76.95472763680044,65.12526898109857,8.31
6.135836071907569,0,1.8802473461541613,64.12362131850018,89.15254004509798,7.93
8.547076662786214,1,3.553845686857394,71.2614092718847,78.91037861266075,9.07
4.086360931778535,5,7.837917844853973,51.87855451994537,89.56330681815786,4.4
4.696435843041497,0,5.542265141320167,56.39334006112088,75.09555972193552,4.75
4.2760158521305165,5,0.052296135429127366,88.27733752579304,73.26641698840622,12.01
4.244372813913821,1,7.6099076002809385,50.00058173776831,92.02712563810279,3.19
9.132763504066043,2,0.3531135494023907,70.82829142411461,68.79092436419404,11.16
8.221947156280141,1,7.457337827312322,76.12550905427942,89.54743138501502,7.47
6.845042974523951,1,2.024805601652374,52.731721000048616,76.94072003782915,7.3
4.587004963906009,5,9.580734801193802,98.65390814861664,77.9933404892941,8.41
6.949695250700994,6,3.679407513020845,61.3062665624836,70.79638985213194,8.87
6.840830624683394,4,3.269316163380791,65.20993598181404,80.05647702166556,8.82
5.039211219460091,3,1.4888805033244468,65.19712561275136,71.3823918696674,8.69
6.603109895427838,3,3.0560421549021486,61.520833105867496,61.37442949845783,8.17
6.39102840638424,2,8.766507618282006,50.07369110431557,69.51995118705246,3.78
7.695100588313299,2,9.963343376272473,86.46723970439982,60.22326651923068,7.34
7.810561905205863,3,3.683095305068483,98.34227498996427,94.24241754698998,12.02
4.2718240586322676,4,4.486106309545425,61.21467416425225,93.80115234369117,6.79
6.247675687758827,3,7.220709382027371,83.15235959017113,73.83043541153067,8.1
7.755159494285419,6,8.861957804650745,87.09481634793576,85.49297990188761,9.18
7.018817551480526,4,5.930443341867841,92.42126895452623,72.10321344436487,10.28
9.138939047129934,2,3.9152569817782936,71.13145985068046,83.48826049800917,9.41
7.95216178971367,0,4.126218408486237,65.14654528202146,88.19005150660927,7.63
4.977606562488578,5,6.956181464968068,66.26475670115155,93.13646856422842,6.64
4.423412484402579,6,0.032182636042786816,85.63106665492563,74.00742965473852,12.12
7.854515669237894,6,6.195893374598407,90.8389733252818,87.41542940346167,10.93
4.159067863249731,2,3.554930104413574,59.08069838783013,69.30749577212416,6.39
7.51465348764078,2,7.941973312770843,68.54705040788826,94.6616306327777,6.49
9.641381448549746,1,0.9299063982313216,95.0970098374575,60.90193595675229,13.2
7.452845067255273,6,5.882022669483905,90.33467598473696,81.12350822753923,10.87
6.329019557239132,1,4.809728898861238,99.2429201381238,83.08270935779645,10.35
7.859729310654119,1,6.423255259052274,87.71241298410403,84.08159449759451,9.0
6.749517342949099,5,0.6485359448296835,69.65976005139612,64.21356525761811,10.84
7.273700735895609,1,5.799837874281312,79.53189169973189,92.84854242155956,8.26
9.648788852659152,4,5.614845879595237,83.05071271236602,66.3414147667529,10.56
6.316615826804646,3,5.606600944161709,53.922790815856196,81.79636911339443,6.02
9.767143382943486,0,6.034876665964548,77.22484795519325,67.79366276930797,8.61
9.432103851736382,2,6.764679372263622,85.46604142363049,70.75257459574448,9.54
5.174746808735779,4,8.049889996807698,58.366065200053015,79.12604896048435,5.08
4.416167805250993,0,2.6982072012821434,89.03158587127785,74.60176964976017,9.32
4.60466800826456,6,8.250494101800621,79.18863902570558,65.60789603417771,7.44
4.109330953909298,6,4.982556822634536,97.61108928487974,65.98277408472968,10.71
4.56665776453557,6,0.7705827913433116,52.12111491034459,74.63506758569798,8.45
8.09804064049814,4,0.585509292439792,63.266306877773346,86.50490423964253,10.47
4.427131890761374,4,3.3423831869606078,80.0776939649912,91.4287626396726,9.31
5.913853781762568,2,7.8489697711146755,64.82799561029654,62.9444681790784,5.52
9.069251865816728,3,7.076809347409157,85.72120820356211,73.75863676457904,9.56
4.139631614414955,1,7.886149646724064,87.95026412609656,63.50859473030068,6.81
8.886810895533614,6,5.172690564416094,55.125798203323725,60.58073682214093,8.28
5.691128648640399,5,4.401989979554905,75.69272321033839,83.16015389253849,9.14
4.7089889657299375,3,1.4745252670628395,75.4445277795528,81.08573046883058,9.59
8.180422992184905,5,3.2819275360931153,68.46403851077706,65.70566898352102,9.98
7.773657080679304,2,4.340193661738753,96.6462431284836,68.18344915825725,11.2
9.264832081162318,2,0.8860042967961723,91.37531599366106,60.829771377558146,13.0
8.410426262823314,2,2.2061195271121123,84.86046909548185,89.22315219930414,11.35
8.820885582309092,0,5.982252940637388,85.71633178674988,94.11417086169931,9.11
5.692207435427839,5,7.356631142391898,73.08580719065596,64.74108378781418,7.41
5.064637262678337,3,9.983475113929497,96.0497260548288,68.10163248178543,7.54
8.50368850984515,3,9.331133313435577,84.72977136266427,90.39433333814269,8.11
8.841008435603584,4,6.425651995351915,86.44905308279081,92.42623292846648,10.17
9.94303085200404,4,4.21248053294072,93.08454518936726,74.68695839823836,12.38
6.475706061468559,6,6.361773647082327,63.70357946710955,61.7717865294176,7.58
6.232108514756699,4,7.85651618080232,90.35354519333515,61.37871417924868,8.8
8.65847776445198,2,1.1833619092338732,59.7620301478246,80.08824531241537,9.45
6.0448212415181075,3,4.099048896962882,67.26709761224438,73.75132881126126,8.0
9.584543953621388,5,8.398022856356173,66.78052271349213,61.00283496521791,7.81
9.15047651105807,2,3.83832951933044,98.92627341945703,80.41383373093949,12.23
6.5739641642501105,0,5.718722712271865,92.82686118739633,60.39558878061579,9.05
8.505226406748985,4,5.877693608621982,85.05849307951298,87.55801853522456,10.17
8.527257244508094,2,1.8447625313363936,86.35283808076952,70.72514879461801,11.72
4.618743213015596,2,3.622354416522884,78.10363972012856,61.409030105323126,8.45
9.4153174400774,0,3.3451128874193214,97.35453335542596,80.59232773441036,11.83
7.031514234687143,1,0.26196708532064794,74.81293764411808,73.91895450515692,10.46
8.95874479664645,3,0.24191763891355245,69.02588549349473,94.08301446750023,11.27
5.92029760618367,5,8.316970436757735,58.15176684657955,79.04695318762958,5.52
9.373139370977203,6,2.7307080997281243,89.31028261305289,69.63337133629528,13.11
6.335210072404979,1,5.180787662388155,86.72219660377957,84.83036026218912,8.92
4.06502590888179,4,2.9872557358877305,69.21775192620674,69.5022200889949,8.25
9.432291858515581,2,9.406792451153406,51.25967069796147,91.64851519926478,4.8
4.547720060716801,0,2.5929675886577375,91.94986638590053,73.11526896775817,9.72
5.915881825542489,0,4.296568127389351,50.57089917270368,79.24539969716719,5.28
9.70037180230483,3,8.727302504846019,85.18498898145255,61.77005863384801,8.93
9.703642881625337,1,8.419335667918087,98.51285548630285,74.91424332832807,9.82
7.440627328739716,6,1.8610141784627732,71.88306640741017,89.13272388813482,11.03
7.791023273018796,3,8.026433097957105,61.74867024979764,88.19770818771697,6.18
6.690673131869919,2,4.581868867378926,85.24355050216909,67.85114955987342,9.51
5.759264630188387,3,4.829688720853552,90.85640710077925,67.9127674853697,9.87
5.971987272219495,5,1.3347997241594378,77.32151580389237,88.60568592746328,10.95
8.03511073646223,0,0.8060151375712465,98.35176376280731,92.56394470592639,12.65
8.51424717662608,0,7.279393069737652,52.583436082898054,63.337632244555124,5.02
8.749474262355092,4,4.964611523552998,75.2397799152264,75.75205237991788,9.74
8.737708856767323,4,4.3685070261517955,85.9226973661275,71.81089976374801,11.1
4.547236618292143,6,7.295082286523967,93.13202355745895,90.47409594101038,9.28
6.966521828215489,2,7.6551289899110975,58.9627805953895,62.92337201380066,5.46
4.345352560099865,5,1.5890816766935356,90.00017408818407,67.3894079895313,11.44
7.297173293942413,1,6.102251494776413,77.63535378592726,86.3363918155273,7.93
6.6491830082402625,3,1.3535408227768553,69.82768409949816,61.79528471434254,9.87
9.326225096549798,6,7.513750860290457,56.58575142895468,77.23873832500013,7.43
6.105490075312472,2,6.569551562671395,93.26478794544562,75.4737462137902,9.08
4.702402098565635,4,9.56614621083458,57.863660408985766,71.7040412646062,4.08
4.857950092317015,3,0.6895801635642118,65.48939296045496,73.81003103616233,9.05
8.569063790304833,4,0.5705472115125432,64.50227659812184,78.54792054255816,10.79
7.709308379897566,3,2.8218707469320012,93.57070170954272,65.6478575435934,11.93
4.606736056736741,1,2.6170568373590597,83.63514971044489,80.01985573992575,9.2
4.504640836689985,2,2.469787990719998,89.83406985956861,88.19013152549952,10.15
8.20581478875472,3,9.062545805210366,62.52339493962495,86.60563254265557,5.9
4.436578038185161,5,2.495461998495061,81.24370498034995,65.38649666428208,10.15
8.931160355742136,6,2.71949726128631,78.58729915718743,65.22373144095158,11.87
8.237453362938977,0,7.593982624179637,91.64151883941355,69.38610287107197,8.66
4.488092683851399,5,4.4973984245054,95.30435302406303,72.6376154219363,10.58
4.509026284511151,5,7.767105569551812,50.60783857386934,74.29594534929689,4.48
9.919837471007053,6,0.6536615756438524,83.70099595293964,83.78940258916708,13.81
6.245624774536722,0,4.875711936733843,52.59178995598645,61.98381512580424,5.32
6.223852882401346,5,0.3361360018328263,77.44293325386779,61.21354464791232,11.57
8.876797403545016,3,0.6265320345535452,64.38163645218391,73.71686970303682,10.58
9.683491464303152,3,9.06437453344411,65.33882997610706,84.40072922482932,6.78
9.916006382937226,3,1.3924537111759516,67.64792517261783,66.7702370034769,10.93
8.520269111553649,0,5.324206822752171,81.0646224524805,82.45265684396881,8.85
6.257557513185494,5,4.110956026007066,66.70249828343846,69.09398482791048,8.62
4.501004300192013,0,3.4734332625884266,86.63495252951401,91.01301380847308,8.73
8.662881495564621,3,8.998333456872725,70.22636927869348,91.34914804933157,6.89
7.350425498414831,6,0.218233967754895,53.41766001549793,70.40505214984643,9.97
6.5453320554818575,5,6.637896861755891,89.18799212420537,68.04978138871341,9.72
9.438126310568416,5,9.633944342135504,64.2879162296353,74.3956390223181,6.89
4.667184893836908,4,5.60168183461842,71.63834397996314,68.4186054813052,7.43
6.955750625745155,4,9.368224620330919,84.27219416109509,83.53343451520962,7.73
4.068121868604514,1,0.5225787928602377,66.6228078574356,88.91226395919,8.33
6.811963851964758,2,4.187933190741614,52.82928280733578,83.5582245818926,6.51
4.3378196540910245,4,2.6015779096205116,68.69605235064068,88.85226565372723,8.5
4.712907497608431,0,7.3082096498072975,97.22242913471517,73.89472567726159,7.95
4.7051574806626295,4,9.812970904972467,82.08671986492791,65.47109397481013,6.38
7.895261812696381,1,2.565300624442478,83.57395743336035,85.82828315891572,10.53
8.47626927559254,5,6.5417460147407445,81.61410768188199,72.61660767995438,9.78
7.500212590582958,1,1.9809763275974013,59.94960694797184,83.49447888301964,8.3
9.77303529084725,5,5.653302545716099,70.916693205114,69.4725379693618,9.67
6.249223477142224,6,4.639324866883362,87.5469899181659,62.84303721823354,10.73
5.714272517691164,6,9.72005329631537,55.06864487765796,94.74036284207172,4.73
9.211594769136761,5,6.085272726964666,63.892638804485614,65.46705277757097,8.53
5.341575031116716,2,3.495063720868188,63.81595542329268,94.59473478872184,7.37
9.779335236643668,4,1.1409578488793337,71.6009463797253,94.20479763982566,11.7
4.0729268481388985,0,1.5124682873493456,99.01843704710924,87.78363363678139,10.77
9.819272960245835,0,2.2531692995123507,53.3751273341911,83.07980367286991,8.14
4.258959471703457,3,2.50966661340298,75.93504971902975,80.22324675878797,8.94
9.346858682188426,5,8.506160578411379,58.96823410061052,90.31355408822421,6.88
7.166206654517799,0,5.612227882825249,98.53382727048721,70.13038325668208,9.91
9.957788776715802,2,5.233909113743664,55.66517523637321,76.3688424369707,7.53
4.442779388412394,5,1.1476887186921747,70.18005011807956,81.67864892782757,9.72
7.323125706407925,2,8.60139693349435,86.89424924173031,74.39166665543219,7.92
9.815815213714593,0,7.228143032084837,85.22772140137226,74.96202589315938,8.84
7.138587065020893,0,0.6766836190000158,71.13643184469662,71.55996336257296,9.63
7.776391828811575,3,7.078350972297686,67.32620839763591,79.74811358395877,7.2
8.174492133907703,0,5.4353821734264605,69.88061892764352,89.77010848052906,7.54
6.727246388606639,5,0.8172534574677826,63.213813157931966,67.05349323022095,10.1
7.765348480504381,6,4.583006415286564,60.26664693533999,92.70515635637045,8.64
7.505885871538601,5,4.8469628713004695,74.1519848779445,84.11806788118804,9.49
9.406948062945933,5,1.6577454016327575,63.42668780338037,88.81456244380105,10.78
4.272678282048747,3,9.456981470002823,64.3730832448625,79.4666742420504,4.32
5.685779137553382,3,8.49975371480662,82.83780317372785,87.28308454984221,7.21
9.702468904459352,0,6.690223373291083,98.42686658499461,60.56701390688135,10.38
9.341582703345498,1,4.622955610006072,80.18186002796875,88.64331486728373,9.74
6.733940516714277,1,4.1176554158450855,53.84897335324831,61.404860067987826,6.32
7.720795586809221,3,6.509734671509541,53.77918069270335,91.14696817270018,6.11
5.664287097886796,0,5.4543186940690545,97.5711610422783,94.71869615335251,9.3
5.128726958342568,1,0.6227310588188562,64.86453951536669,70.29236117618723,8.53
6.782190429639893,0,5.125026487703317,54.60334930412377,67.36114947000277,5.61
6.120113368156317,0,8.064036172328395,79.95222935751907,86.78771773503142,6.41
7.501936671105232,0,4.59239877596958,81.18243891451331,68.85592193220886,8.82
4.466407821789909,4,0.5195657755426841,82.42524100593441,90.29468341102712,10.97
9.846368845996999,5,7.862781993840331,63.37010139287706,63.599490725511686,7.84
9.917264466877617,0,2.013637821359744,50.75553421072375,64.40843187327754,8.04
8.18897028411847,4,2.5862083488803878,98.25076847272359,94.27030442852154,13.01
7.216578198064722,3,1.647063534322959,62.54465228455513,83.58436143945016,9.22
5.857165697717966,1,3.302150648714975,83.80131440262738,89.64105285501336,9.37
8.882770118241691,5,7.56751505688635,85.33149349393548,71.35152820730313,9.8
8.108387035323275,6,5.193858595039373,80.50037085397429,83.67693123322115,10.5
4.975701636069347,1,2.048812741507126,65.64536971068242,80.7984639558009,7.83
9.465563106963055,5,8.778300781520409,63.554812688203285,81.11025420430315,7.25
8.935223457539013,6,8.795818549515293,79.88341413513515,83.88863608382026,8.96
9.698799479751544,1,8.70578425046007,93.30478168058457,80.13757105951845,9.16
8.35431705033016,5,2.3879621138153926,97.33668644616978,75.0171829255933,13.38
7.680491175614739,1,4.512393441809881,55.29529022018788,69.65729430331913,6.65
6.509458217743713,1,9.849896561408752,57.74143062988599,86.90034658196207,3.75
9.596370900124079,6,7.7201247630999035,97.23681293915399,67.91953505011152,11.5
9.19638333700245,1,0.2716742122555982,86.82676141673963,84.2324007154045,12.53
4.271312020637136,1,0.6520459126049205,94.14969124148865,68.16664879272643,11.1
4.158201846983512,6,4.639313768123328,60.13163170676716,81.88655594840588,7.16
6.258780201268298,3,9.092202058615602,79.3792935554701,86.14773934951602,6.8
8.863319984690998,0,5.387017979527142,85.05697972087368,67.65498611172887,9.36
9.923656775889667,2,4.9781250803429025,84.00559427234863,62.09801553014579,10.48
4.902501346621169,4,1.0547369995663058,70.4075845433349,64.58408100479609,9.67
7.564784292112811,2,6.5678010472429404,50.76974458456542,81.2098938544859,5.42
6.285345139786129,2,8.221031606002255,79.14630284021315,89.73062421790074,6.92
9.819486386887618,5,3.8042000750756233,62.65507695898044,61.57488874323985,9.79
9.052713538814253,0,7.756118509253275,72.51271230714451,85.69529406645762,6.99
9.029972228266827,5,9.644766539008117,97.87905075419087,71.94615260825182,10.08
6.812158958769822,0,2.037664591276891,69.95176588212173,76.74849294718328,8.7
6.488917014025991,6,5.233296311947413,91.99008033322133,92.5100842445948,10.98
5.640442431584237,6,2.8713795808457556,59.42703028746256,71.61900266575459,8.56
4.338252979905563,0,7.9285441903383935,83.62302490125144,76.28679268788201,6.13
9.188334257530318,1,5.775933658811575,98.85034772194717,60.478884516623836,10.97
8.877406054780465,3,6.345824175503037,55.09465504364684,62.85595520016934,6.79
9.998306039716784,1,7.979141596158941,50.4159971113596,69.05070568971745,5.35
9.979821022443431,3,3.959704726624549,71.67913963163072,60.9748284287376,10.08
7.332590233615765,5,9.150900684070432,54.63127415256836,82.09813641168878,5.32
8.613924491083063,3,5.3302886724614,87.41921748381156,74.92394248805678,10.42
9.668594379294568,5,1.57954822835348,95.72743319242795,79.18508209548077,14.15
9.097884344064468,6,6.958991181688025,71.70104863543794,66.11265150637153,9.13
5.484088610459186,2,7.9326135043825445,62.93558210777205,70.35762103028156,5.12
6.703264811860561,6,3.1676167706752665,71.72016595033048,83.23385661984538,10.07
4.77495649090897,6,8.57179256998753,86.17239089250005,93.78559532706399,8.04
9.724306163552335,2,9.061432547657663,50.45270807901855,61.76458707607732,5.0
7.63704780670528,3,2.769044873778089,79.47269947423486,91.16345122993431,10.52
5.371856833020776,3,9.83521472715222,80.66458424436895,80.1908420458923,6.2
8.03020410643514,5,1.4071152804875842,81.88441234479677,79.73718483644683,12.2
7.708769442747375,1,2.0201566840249,62.10110399904386,77.50974873227162,8.58
6.148976308197043,5,1.8422483923802613,85.70263616890634,62.428793006646416,11.61
4.681345553197774,1,8.939897100078705,54.56957431658882,63.145689810765624,3.16
8.029439173556797,6,6.542925523249618,59.96351682334004,81.03192019806801,7.74
7.121846205422759,2,1.5210428322227287,93.87350233272409,71.93355000024454,12.08
8.633910350413835,6,4.40323418368349,86.93615753632832,92.10438233021883,11.75
7.12098100667196,0,6.15298025069802,50.687277700567265,74.23066880758152,4.84
9.113089001911241,3,0.8346408498938329,62.41881301849001,65.01485105459244,10.37
7.311441032646913,1,8.824163684073387,60.720324149658225,85.01515917257126,4.88
7.365627829212317,5,8.036035354415352,63.54031640184863,70.26736975043535,6.78
9.25992161595007,2,5.052067735766382,62.377988513994325,78.39146075745626,8.02
6.420897197274382,1,9.671266152591704,53.126314787142285,84.42414749268096,3.35
4.804091370703844,5,4.177609792750997,72.94702582984101,91.50924389207246,8.63
4.172696057880033,3,9.841103190364977,86.63667373930826,87.72669181805867,6.31
8.530823534041714,6,6.67919998803627,80.33658623587182,83.67263737554535,9.91
7.7218573081207875,3,6.346712732539414,83.643583429904,83.78716138383002,9.18
8.22447860859534,4,1.65954895295785,54.05745892681196,93.10736254112302,9.07
5.277784969053465,0,8.81927758304644,97.57453550883936,70.35384341237877,7.46
4.818228853520619,4,4.2748968792061515,91.92459169215124,60.03892329686656,10.18
4.087267994007291,2,1.6223340578247936,90.25451592478314,69.51840957893695,10.45
6.103525352839582,1,0.1260751997575904,91.14919025208837,67.62619828693605,11.79
7.539506121127799,2,5.597556836383825,96.63552540663807,83.16421047898993,10.48
6.353464270598394,6,5.2739962212267635,77.21269830568488,82.17990599179352,9.43
6.624849532142374,5,7.193536223691586,60.0141008933813,80.77114839466533,6.55
9.424952166962491,3,8.902580530178021,80.83918039262706,60.56852051233088,8.3
6.089532802139802,4,0.7940658464302952,87.14407468339695,85.50723190577267,11.95
7.083936934958865,4,7.314964903403624,86.89586966770128,71.3235644369922,9.07
8.701918076446859,6,1.8741194409758222,76.072451208344,83.27695961523209,11.95
6.379256693927621,4,8.581770531571639,53.42293596667891,79.48024499757537,4.8
7.732520201367241,6,8.19063513861656,68.5556469215064,71.99558238997675,7.65
9.17418225248047,2,5.407937549855443,96.03833042316786,64.71016934864377,11.17
9.697123741945852,3,7.102427986233115,79.2224454878713,63.30466141811684,9.15
4.882440885574228,1,3.1435011318374837,76.91659716278568,89.10314165892783,8.37
9.559525750968966,5,4.7116789893281465,63.44267571910967,92.14391397285453,9.31
6.952697758477229,1,8.216368977104716,68.42244599582895,82.74258163675049,5.82
5.54946632979375,2,4.592651971732139,94.76730445765847,63.62019402011692,10.0
6.754814537429568,5,3.577982653254418,83.3231523763418,74.07095259108843,10.75
9.880195451712861,4,4.942124472502999,89.36935133761665,85.5128720036805,11.62
6.955708563957217,0,8.282492524372184,72.71727115338275,87.29373094035239,5.91
5.9725096617250495,2,3.3520804737087273,81.5123609728079,64.1376517801881,9.46
7.800405125900355,2,1.737615931357438,62.41918043716038,60.00107515958838,9.09
5.440873712669158,3,7.120140203307807,85.27304151417431,84.92479660582117,8.04
4.455179968651984,1,8.259782127080818,71.38006668516687,72.48086615951719,5.09
4.773278331463896,2,1.0063747852353333,72.12727574073728,68.9068466066391,9.22
4.768275033746635,2,2.3987411275594472,82.46611622884409,60.45141144263339,9.55
4.911416161073766,4,1.419719897609939,96.81403107344633,78.91047923665249,12.14
4.83296303589646,4,3.4794141158216663,53.20031733043105,89.79027573990936,6.71
7.845248468819287,5,4.503509789054126,91.23716186735038,93.51710761954058,11.51
5.0912805063948685,6,7.4882633696330645,64.61915552060965,79.80107327146513,6.55
6.074003699943179,6,6.511475848816741,72.1959727253189,78.0061464708963,8.19
9.380730459436071,0,6.2092856747843115,51.09566643875045,62.97697349212344,5.76
6.843769841577235,6,3.523749466096544,65.05230389171565,79.21054805399099,9.28
8.005346431126164,3,8.4144755308476,75.13156213150653,73.2992677637888,7.41
5.033919227209779,0,4.712871673981645,52.80880386737195,81.24973483092519,4.94
5.153734112852025,5,9.791049380151545,74.55478646915826,73.60542217567914,6.12
4.245211697598873,4,6.3414213829573685,96.35553144292138,68.41046932076284,9.36
5.013610378432987,6,1.2626474156450274,55.26966090539026,63.32378463299318,8.7
5.671542034191752,1,6.7617756207543405,88.22203640377522,71.02214556061135,8.01
5.062062905660481,4,3.25104015431699,70.48355266879963,63.38256920007133,8.65
4.532215202542334,3,6.8632719668609745,82.7586857262169,66.19139327883944,7.56
4.723815226603605,4,0.6964114816240574,63.01182989926147,94.5567655502841,9.04
6.764672608196355,3,1.7488143717595939,57.97461312706791,75.54362449173165,8.53
5.238002310434755,3,8.557372589057863,58.02313071356132,78.61551182767558,4.52
6.185619166288452,3,2.271795570235149,53.52459728215723,90.57664850580254,7.59
7.020503625129141,5,8.3704112524294,59.28233524506215,94.84491151717407,6.05
8.142368971776191,3,2.792760884544104,83.21096924944841,80.39500572706385,11.08
4.235872839046594,3,6.428819100587076,94.08453059217541,88.43658373654601,8.79
8.796462393454256,1,6.9415057350983105,90.70628427955809,71.44293585178363,9.42
7.767402336945446,0,5.126547531450529,84.25671549372422,70.7010385106552,8.97
4.4905541916932314,2,3.053106766967313,55.521593170555136,74.09463023480961,6.42
9.241471744640663,0,2.126443763710961,64.45937231479749,83.53775419357771,9.08
9.525234403190879,3,0.3318935456242622,65.49034376612344,83.87670912392846,11.09
4.366467759129183,1,3.039464012407238,62.49784731988106,71.03338021273078,6.78
5.661265888883222,4,6.53162790531283,75.75028298548615,64.662347344782,7.77
8.837207678758368,1,9.383048184484826,76.77769074398363,82.1338689762928,6.82
8.48955814230195,3,8.71204482263052,67.84429875855551,64.49140517660676,6.72
5.107126116138264,1,7.660647765353026,67.6894579368218,80.24723778802655,5.28
5.256095940020262,6,7.884473432532987,91.42777989530407,84.26977448197081,9.1
6.222832616748292,1,6.649849034759953,89.46464241598429,84.52140237380581,8.41
6.907137911146128,3,2.60286857566003,65.38979158403728,86.37152387308589,8.9
7.709528629181776,5,9.071950307058298,95.68942219366296,90.55007975479826,9.62
6.213481837418635,6,6.707323119058341,97.6407508501253,77.4985647187676,10.7
6.775208296798887,1,5.6044063098044,66.33712710150203,85.55872163353499,6.84
8.48482562880254,2,1.1098946921348107,67.72124743965274,81.67104573780429,10.21
4.220099217343588,2,4.470555438064254,75.28170767109793,66.5323978929189,7.58
5.514621666064125,1,4.6035827120192625,97.05604062668368,60.89913757042929,9.91
8.280097515307315,5,8.645636095226699,93.81597165711557,69.95894849869268,9.87
9.371241026123196,4,5.466482201877884,55.12839812917949,75.50617972181668,7.73
7.070064652693997,3,3.8040054897040965,69.63653716357081,81.59870805500297,8.79
7.192680911591894,2,9.768003285106593,77.6685594874886,89.74857656761219,6.36
4.643032068038656,4,1.1072059332631567,75.156623627577,66.8686000847158,10.02
6.684474200940728,1,4.225484283119446,59.693153396844636,64.3942426464467,6.83
7.195703598730139,4,0.4202467517140529,92.94083855840773,93.72179816160147,13.16
5.454823021808378,6,7.3990412076693035,83.84703914984186,63.781559578174246,8.67
5.615459385696286,0,9.180765521991507,91.89541874259018,76.74718745375162,6.85
6.263704978627736,2,2.8003732955048943,92.93821396747362,80.49473050776557,11.0
4.120427186666358,1,8.583416767991208,87.41779268328699,78.94810473176034,6.4
5.93247499349907,3,2.9221823046189774,71.96053006248587,63.011125496153014,9.01
5.268688041979268,5,9.107701616439153,80.52733775077122,61.99594199012668,7.11
5.964984113067488,6,7.5396190359678394,58.01827030598716,63.69191996113625,6.22
4.718572790915507,1,8.049067768414385,83.68227087374538,80.49556893554144,6.53
9.34316368443937,3,0.180065556004545,58.96266278696404,79.05207106720124,10.44
7.561554721324292,5,9.62810357074026,84.69747952550784,68.18092772128605,8.18
8.074613914866937,5,7.266709920703232,61.479908037698436,82.3220949645957,7.24
8.73502743164403,1,3.047510953861333,55.877565007510995,88.70236257194773,7.86
6.990653193574344,6,8.29394664858847,58.26422450714787,61.45526359463078,6.28
4.521521728524542,4,2.8152119841492995,50.09960676095351,77.43454802418148,6.61
7.2226392509112864,4,8.727538395661279,85.9369808926765,84.12586442359415,8.32
7.521046708125275,5,1.1258039041193701,86.62005245291896,68.83091744743905,12.61
8.47263684510598,4,7.036859774607958,75.74666749566298,70.77198168526022,8.65
6.589957277378076,0,5.406984766449103,58.06814005276918,81.47732660462843,5.74
4.765481816773383,5,0.9653447019544081,54.177716875534486,91.42773527053079,8.34
5.702655434792347,5,2.41893828258839,50.95644832186435,88.34735471060148,7.67
6.178493778391811,3,0.1240403627731479,58.28740884826104,80.40955766848542,9.14
7.875503447989607,4,4.687679654645058,94.54277674915733,85.55776012150372,11.46
7.424669828013471,6,3.0126526076000038,62.07684208508409,72.76878645727295,9.47
6.1365803553870775,5,5.983574842977588,67.71356636086078,82.43379348345653,7.73
9.919091492757879,6,2.972378077086172,55.26727422406666,76.3163556894645,9.81
7.634648916141323,0,2.9991911150698467,61.118065237408516,66.64776477601463,7.67
5.423360750415966,3,7.431931987316034,75.96122853901025,84.560839585704,6.95
4.6106948357224224,1,0.4814283597835345,80.38763415478263,79.47626230720877,9.94
4.917154835105992,6,9.028949951919872,62.26761570831055,72.5517553683757,5.48
5.475746370307049,5,8.522638743911815,52.88660796125586,91.89687165275208,4.72
4.964088239557334,0,6.678046832264065,69.55164345636993,60.732694123935666,5.6
5.119402144307834,2,5.932215701073843,61.71016854631671,71.05206029373235,5.85
5.710571012163083,0,8.923024981396523,60.9776961614901,61.99084892221763,3.92
5.040241571768529,0,1.8533017952871444,97.99314013567276,86.82845606775695,10.89
9.380592547758551,3,0.7896916219082861,80.8150242962862,84.57376089398274,12.34
4.481402473969853,1,2.395101699095381,77.8439221586048,71.5973276557711,8.68
7.147068337421528,2,7.945782787001903,70.78875517616609,83.64820157724756,6.56
6.462380961937969,4,0.34670266726483323,71.44721667150722,73.85780291685825,10.76
9.894271701451638,4,5.828068350834896,77.04525019190405,86.4688826997852,9.95
4.672233413008314,6,9.954375161913099,84.82149035180535,75.89642819578471,7.17
6.38713359427445,0,8.556960938375394,85.10730480909147,74.4297904741083,6.79
9.816822599652212,3,5.214456890435894,58.58469538527248,92.71554704209053,8.08
9.193042755363882,3,0.6364090928664234,75.00563760383135,68.7807684961745,11.76
8.902432425695679,4,8.313735143857098,70.5979047517051,64.21565689987979,7.66
5.547416962269639,6,5.989785081772105,93.52634831346921,80.45900896408104,10.38
5.025325524340395,6,1.1493299705956683,81.57094606091883,93.92626342994626,11.39
8.011859319546586,6,0.938572848233562,76.62520332079909,73.22437248045154,12.2
9.576255934765515,2,9.096268194365924,55.76973210894587,62.171286727007356,5.46
7.3405773580835785,1,6.692002629380784,80.28189446617057,71.87568435583486,7.92
7.429676136819399,2,8.292867993167555,55.860195284011674,77.70760790118455,5.01
5.6798745619617055,5,8.789789002822673,66.8603287782876,65.66730523212748,6.06
8.616957599151622,5,5.717723520483222,57.14209824071659,83.03357763197722,7.8
5.12226249134514,1,5.174463517550413,84.60368235121845,94.92122861535702,8.22
5.942075418425462,4,4.304274103209902,60.31260569180763,75.81088165935053,7.46
6.5526186316985005,1,3.169465877911193,69.5929686594013,72.41549948555745,8.3
7.04566227210673,3,4.345959608587117,94.78373888093893,74.02464583920633,11.02
5.454458394490482,5,7.738796557301564,60.21581916994852,64.03011624383204,5.83
4.689020948435221,0,6.019234310151315,75.39025319793896,90.91457604991783,6.41
7.663720254649796,0,8.925232899548462,70.9635830583011,74.51889794324732,5.7
5.731783319441535,4,4.433800143791878,50.90620205228649,73.55460439986945,6.37
7.487429328535674,3,6.07089578718754,89.63790567864064,83.0891595525666,9.82
4.926176291645214,2,6.313075530919887,53.452295315729984,75.47116973258932,4.76
6.886840611128905,3,5.916971623063255,73.71275104884768,82.68817140827461,8.07
7.195536595309515,0,7.026337730855163,78.03391474694749,62.15062015457756,7.17
4.310941220934561,0,2.374334683748063,81.42132283072935,88.48031703027796,8.68
6.019625669163523,5,5.123637775457906,84.43158146539378,92.9176383507791,9.79
4.8064880616338455,3,1.0422480280834767,62.663619176135754,82.70678851557851,8.57
4.380249822836607,3,3.8451132764481253,50.49893883292247,93.40980751005839,5.78
9.939761394339671,0,4.876670686212644,86.17218311774559,65.30013100294872,10.15
5.934123069848338,2,6.522242595454725,76.78282996737893,76.70956663181238,7.39
8.85924667512781,4,9.505310525862035,91.80588516036244,81.06323568809066,9.17
5.527843928582583,6,6.0065106654835585,91.06941814503472,80.36078265974153,10.11
8.089016333343576,4,7.435939161765598,92.16630838939416,74.05116226811651,9.93
8.561367159338118,3,5.062660594952027,74.254732998977,71.83295432781915,9.22
7.573832443647065,4,6.341040313763314,66.68141979184328,64.43884078926466,7.73
6.82945713130095,0,0.7093221613377343,89.5779101295685,73.71098576967974,11.33
6.471045484883611,0,2.54391580841847,72.56470565146275,65.69312852869199,8.57
6.093209599257972,3,3.618530932051387,59.17210982017173,85.70279867722765,7.45
9.577174865486956,3,4.724933550065136,92.74870097807371,67.30908274231065,11.64
8.983716446726374,6,0.45648745502383736,94.12799383861736,62.049785684958685,14.58
9.790161463999075,6,1.4002409755331768,73.31548780700851,79.3328148236032,12.35
4.745783340913269,5,2.7681430779130576,53.784986365489374,80.83304064517905,7.39
8.385204851221864,3,9.715326909010507,69.39130449584655,90.5169571448177,6.34
9.630042740926227,2,3.3134700710305074,90.17688297313018,80.19435643461887,11.81
5.087398396993961,4,4.820410581120825,95.08870142731143,72.0918298803206,10.33
4.398977604200665,3,1.9609771273839294,60.17363712487979,88.10541585342122,7.7
8.446723895740355,1,6.107800710757683,53.348680601263574,78.90976126155974,5.96
7.446838679079471,5,2.806832155159743,93.86752265664194,62.77480996209171,12.46
9.050972660549633,1,2.0699257843842678,69.47024694894377,79.80476961096363,9.83
4.838634259757737,0,5.16572628445979,77.08804821337816,91.78064908975819,7.06
8.771603871159341,6,0.05505799160420821,98.40329060253794,73.87094189243771,15.12
5.209763920286467,4,0.07664032649225327,53.328236395711144,70.371403066493,8.58
4.981935657194227,3,2.1906880910185778,82.41590037260478,65.02143099563071,10.04
4.985594787585958,1,0.3672136250082114,53.705271128743355,65.30059326773751,7.48
8.887448321388293,4,1.0802575413069138,68.77344642332503,75.14700195196366,11.09
7.991183324177201,0,3.388606493387516,90.19072725967234,80.84879384565353,10.52
7.138392548614716,6,8.025856795798129,71.67361163778172,62.821539180936064,7.81
6.152982904741015,2,5.720486433693008,99.85911769514752,92.88490061588081,10.19
9.26320324487865,5,5.126677259564164,77.9529642473301,86.42967661058185,10.44
6.354670644535812,4,2.9348882320812164,66.05810763179767,80.5318371399282,8.88
8.899596636829463,4,9.317537194328164,61.00556629523766,88.99535348286469,6.2
6.634809451421311,2,3.9701504123719165,67.52602671430809,62.806536488423966,8.02
6.2616665765494455,4,0.8709276679577149,68.62666368797754,76.68936072065935,10.13
6.776078714017639,0,6.170665161178013,53.43568388619805,82.05325944015821,4.97
5.808267244984853,0,1.138383934766014,68.47870997133866,89.00285171414012,8.6
8.485656281057507,2,3.452231428016921,73.21192598696125,87.42143460172437,9.59
7.016322340554875,5,5.074119387178088,86.13688761194024,69.69742373996898,10.38
5.393276170880904,3,8.742225246851758,82.83647423608039,92.93080593457215,6.97
9.397447439647411,1,4.935465803401186,85.43828276145771,64.35210445008046,10.14
6.303347328239268,3,7.022587660316643,50.418184093842854,90.62967665174033,4.95
7.261317166683932,4,9.928168389990704,60.8833699790268,93.98290873616165,5.23
9.438832665787281,1,1.3148911989798162,83.08421441999283,66.2003733127919,11.73
7.745427975483953,2,2.747315255195195,74.19946840898736,85.27231224713248,9.74
4.701388244250184,2,3.945760755976464,50.2656737834173,61.40999315722995,5.53
9.638992741680852,5,4.218281785388314,90.22473212159112,74.18979887987042,12.27
7.766248318428508,1,4.110210752655457,88.64047866451688,78.06991547191859,10.22
6.009433687942517,0,9.07611002556555,77.42095814967813,80.3225829068372,5.61
4.835632435980323,1,7.140326444668564,53.3231662888136,92.75780368869958,4.0
8.764151135621777,4,6.079052140907038,88.32575247662923,83.52877405529682,10.5
7.720436535571081,0,3.093727178627821,79.1856793865682,76.8447282926733,9.46
7.200766551857929,6,8.237903842212948,89.09799885789795,88.33862626930613,9.47
9.363355498305745,6,9.550605114849889,87.58734961979202,93.26864873340432,9.53
8.731583267347185,6,8.211982825502265,90.15010359789186,60.77231520388018,10.2
4.910049278396507,2,0.01565105191472904,75.90040332023125,94.38824452896135,10.15
5.870332406773289,1,6.36401370183407,57.01622590967575,63.01462486722881,5.17
5.490934838886794,6,0.5113538144210072,83.55787366898443,88.50353727440665,12.1
8.463677755436063,3,2.5760722033372185,81.02368925259853,69.81171633929944,11.1
4.201194608414676,5,0.5952470034777169,87.11265935995436,64.6262880213855,11.59
7.419338109227899,3,6.037954529493877,58.49405030253676,75.39494738998422,6.7
8.574752114444143,6,6.865899134926067,59.74875999501446,82.53848028066648,7.77
9.260593820570497,5,1.1448763806590512,94.52047586096643,73.33331457582162,14.08
6.052490492295445,4,3.838388830449795,87.49888992260354,61.90978928989446,10.45
8.927543828032077,3,4.562365089555421,95.41142443501614,80.98113988805508,11.73
4.663790421731243,1,3.690530217609166,87.93576605819604,91.58411466387362,9.11
9.07871375040711,1,1.2102500048519305,79.8577652995151,73.41253780815381,11.31
4.764931973991894,3,4.1894779018747546,82.70663685139368,67.57164721707895,8.98
6.383723743362204,6,7.511780478084181,94.45639619700049,75.49020710764854,10.04
8.783772194677322,1,0.7100766453325547,78.94033772559703,61.69269488670733,11.35
4.899504564092643,4,0.8018001408190345,81.61956621641937,88.71706545680962,10.92
5.375508371395849,0,3.547712918359842,57.82383580018003,88.92192838325653,6.16
8.333515410358398,6,9.417257116189251,73.69606100580513,80.580016220037,7.79
8.320219219276446,4,6.6857264672291405,85.81985559790495,72.35860111284363,9.77
7.846885797311784,5,6.786699566725648,63.54713491581827,87.99241775560242,7.6
8.1636906668026,4,3.6191999083786497,60.112709026226746,79.41404586759285,8.67
7.256346660085577,6,5.9366079120853845,65.69134041122078,88.90763079925057,8.3
5.5107943534417165,5,0.10131184027743378,62.075031399641674,82.10105774040572,9.86
6.074175961023517,6,6.360960464095422,60.745631851819795,87.4541915624479,7.12
5.089586300808554,1,9.132869475762368,71.24254214340435,80.9497047626216,4.89
9.45070336800177,0,6.125734683448192,95.3919256941767,74.49493738754832,10.26
7.500350768596723,6,8.736985934663451,75.35298233693591,93.52810509741482,7.97
6.405108500581839,6,7.239730554660938,59.39601904076615,78.93898387075956,6.68
6.772034821864796,1,1.2055841640369025,53.8485834690437,81.17813314891885,7.79
9.683700037670892,2,9.024533072858418,84.80780725689627,67.71706737951622,8.44
4.920108418696481,1,0.6644384435577488,69.13993822181939,81.89777762995467,8.85
7.517378992100784,5,5.3396747254776376,91.09154732926797,80.00626773190304,10.95
7.035332073306796,1,1.4213712379345766,82.97553843203852,66.46934392814588,10.7
7.668725412607887,1,0.11706610730904066,89.81207252706842,62.08554840736003,12.29
4.108661102925043,0,4.22034260127639,63.59730197092244,81.15257619001699,5.89
9.23274345366491,1,2.9504070765415626,84.6179461230529,86.72922942726122,10.98
9.592709694901675,6,4.86000493797603,63.203099234685936,78.31904798227029,9.53
7.390799101535253,0,5.771998867345508,96.95342397251457,67.9370418861876,9.77
8.179904943261354,3,0.4373907230894736,81.81871407666873,83.32826918425621,12.14
9.534996287063773,2,1.2300329512374564,66.2255900087671,62.803700431336075,10.42
8.243431805880391,0,5.586423964504253,63.47559311461363,75.46417966806841,6.85
4.915234257485568,5,3.4316735317265823,59.54632925358217,65.71783654394471,7.7
7.457730161000879,3,7.29173487549448,84.7320479446864,66.45606678709592,8.71
7.640290278297135,0,6.522916485919397,60.935780649896365,67.08028822053713,5.89
6.544784027814316,0,8.456043629899067,79.76516329637445,73.53474699653923,6.37
8.418665413748336,2,6.924928266692253,63.23175134626787,61.79025719671392,6.83
9.60620208861409,6,4.299310773901482,83.09844723969343,73.92277043251843,11.8
9.553411077440657,5,6.729666223944324,90.74698642702697,77.90976064901453,11.03
6.705036228424793,4,2.753811742554185,88.90126215723265,76.91529997382139,11.4
4.679428275044532,4,3.063134987782127,88.04256654653909,73.39744351410641,10.34
9.909047193774008,0,7.889851599207933,59.3861202846126,89.37013128247634,5.96
9.033388518675604,1,4.4641951640158215,54.419247349225934,65.08643423471764,7.12
4.747976087219601,5,7.983803405183525,84.94744142436929,77.69938603234809,7.9
9.525051295704234,3,8.224223736682784,68.41736068971757,62.1714495934794,7.44
9.21937817237277,1,8.575623376612837,71.61731132016736,62.49044876072684,6.86
7.113028342756433,1,9.166352358412073,51.55745463966955,80.08530473869837,3.72
7.547652614469575,5,4.309852205132962,62.97882246375246,79.81064487107373,8.66
6.394016223220781,6,3.188668183211388,51.6838201937232,90.731172949556,7.93
4.328569832932188,0,5.821987465941138,93.95928863006239,79.52557864810257,8.22
6.011183449875405,0,3.711724234376276,62.16983416092653,93.59268571416976,6.77
8.81712069158807,0,6.010741668002329,77.8668584786504,61.70431969399754,8.31
4.027792138027618,0,7.055858626438246,51.94896603305652,63.43026896732594,3.28
6.000995030146865,4,6.884050184921369,83.3423695652829,61.54230515496335,8.49
6.38901216154566,0,3.7455288702012135,66.15136728770469,66.4846897616739,7.3
7.2243736176275375,4,1.6686020169875282,94.89595934788329,78.94445388295873,12.75
9.519133698476562,4,4.305293384622075,94.4059094467018,82.59502634995998,12.3
6.078075966195767,6,1.4259414408190874,66.26453091808739,61.59548052820341,10.14
6.081719211377366,0,8.900970351838083,95.0480447845234,93.10898114459597,7.49
8.42500748865849,2,3.458774607378574,99.80788367493895,89.47578818276334,12.22
6.713307645338843,3,1.5445974722332378,91.2707832061974,70.38143687549825,11.94
5.347628937639891,1,0.2544775990575088,92.24356738776146,62.70156355792638,11.54
6.71463709679616,4,6.458223862864843,62.450436805454494,65.946047562667,6.9
4.8451421222788,5,6.369023174547433,78.83511994288781,64.44305448142404,8.14
5.05832191903734,5,3.406041665812917,53.362795698368394,64.31493227546314,7.16
6.990206636436879,3,0.7171188884765101,54.745896841083486,78.14965910330069,8.81
6.513552697027287,5,4.096288948952321,99.94463060166453,68.60466048726902,12.05
9.4890754064086,2,3.1121749506339356,66.33196247129555,72.53489007852005,9.47
6.174363394699799,5,6.7712063973500936,87.40919560244231,94.63268666845129,9.33
7.4835301016682605,1,6.057792494526904,90.33325265134081,83.95099871238706,9.3
7.793585727517183,1,3.6459372819754,92.90116355036146,93.21432334664505,10.88
4.078566739530002,4,2.178925542549901,99.88141487010782,64.98947942615905,11.73
7.9812242321002635,0,9.880359661555918,62.07482426284339,73.37488161913993,4.46
5.068215801218509,6,4.540016211961149,52.017541342984984,79.4156131148824,6.76
9.766421904816731,2,6.88274235780237,70.5595758997293,62.68653216610583,8.12
4.891976366518678,4,1.4055296757836078,56.504033491447345,60.146560526978526,8.1
6.487744742362143,2,4.855896996593978,51.12129445810275,83.46520168289211,5.88
4.512098008471863,0,0.27536719869465487,68.0213413570743,82.46368308805023,8.47
9.981245511075684,5,5.054551179104499,89.18691255376183,74.37760834998642,11.88
7.013170061987456,5,9.640174071177023,78.30903456125354,77.13754266112115,7.32
7.5723101039202625,6,3.8420671298580023,65.6388994605177,74.54050502072313,9.47
4.402458864330565,0,0.38996012574911587,82.71710027463598,60.84017656957111,9.84
8.499762822395066,4,0.3095579091934353,61.600909015440536,71.73800621761119,10.61
5.259433558573514,6,3.879867599468695,50.71907230360425,66.19787893890515,7.04
9.388325736644283,0,1.6002493646319405,88.21766932182138,63.444846618547906,11.78
5.2308378428920435,3,0.23352096328185912,81.18715424320045,93.48521518612725,10.99
5.144126323981999,1,7.562136139501768,88.115131225048,80.9775903764758,7.39
4.219298007088569,6,4.585230088818907,51.94690083438328,85.50296994828109,6.39
6.832401670659996,6,2.8924477197265452,91.85598139153261,71.03773101431412,12.27
7.3890467995756985,4,9.000831830164808,80.97631000181516,73.76014953229053,7.75
4.394251836570114,2,1.161389602005256,78.169767535632,68.29233978638533,9.59
8.653165700170064,3,9.559188289553193,81.23070240572657,63.393798483789865,7.7
6.7197330084881655,4,3.139667173773528,93.2216623434182,66.26610731045544,11.64
7.14634161596548,0,8.884036723086812,79.34682532794535,87.912991585377,6.35
6.644576481629369,0,6.029428764794615,79.04751899440896,83.71410318143215,7.55
6.404578365251956,0,8.267073597414875,99.53395785328829,79.14251065949169,8.38
7.357841987849307,0,9.840131632104644,87.8365083534284,76.62814555033688,6.81
4.9314414755842755,2,2.8840543781874572,72.11469027255677,92.28519992796436,8.34
5.091568782971627,3,9.61135485407593,85.36985000164638,62.545723172253396,6.67
9.170713726081104,5,3.8948189490242036,69.46152358458943,69.82102846332705,10.17
9.676692772801797,1,3.8551190473692234,61.44377312417495,72.247824874975,8.39
6.239855897678518,2,3.403871042545057,79.84259384438798,87.38490342744757,9.38
5.624468038861322,2,5.414076073475852,96.40910490569757,94.738011705669,9.78
7.863997259434095,5,1.541450431784871,96.45697600077314,68.42346801650035,13.52
6.452405026588578,5,5.537114853580112,67.09526390527452,90.60075669479782,8.02
4.152318133962069,1,5.41704812410004,76.38387331108476,89.0717966151127,6.89
4.936915584197142,1,7.6190181260487,60.58179492849306,67.86300891746183,4.52
8.295833373084385,5,8.336499619375855,99.78155547494417,73.9766403069728,10.63
7.953543651460908,0,4.404413503124241,99.05589539339678,74.33855042523817,10.88
4.162575955020901,2,3.0233324935149373,82.47544648537237,94.23772339842955,9.0
5.331832971597697,4,2.5933489731709445,90.22070298387368,66.33121654826144,11.06
5.386448779528428,1,1.9462383670487193,85.755008064185,87.97052898866737,10.06
8.03135646159237,1,0.5764758219902488,79.6579109519734,71.69674499605884,11.19
4.118263226526185,5,3.424479788347133,52.667399849444884,85.58046210216561,6.7
4.624651491907443,3,2.7024769213078326,72.73821712763305,74.7003851503482,8.67
8.799496512239136,4,9.664173858664073,83.73931510837053,80.24259170907891,8.26
5.071267972326002,4,5.577088262500439,83.87658069418424,89.14141206641459,8.83
7.916476647111248,1,3.4727703903050755,68.65613092111917,88.14579477443594,8.6
5.429096686280359,0,5.80467600993696,97.08459933290152,90.32481142388951,8.98
4.596648356556071,3,1.391967013456955,58.36785161183905,62.086606387063064,7.88
5.459033145996725,4,4.4404374920220295,75.01797231077803,84.22176935639106,8.67
8.333601591133956,1,6.262343214210638,84.54419882754114,64.8995581852617,8.96
9.134178808637714,4,4.888978317924514,84.85679029459047,74.55364988064439,10.89
8.98131918740195,6,4.017788006543243,82.43194783844078,79.2005945269141,11.63
6.383101177710729,3,9.938483888996982,63.76441067259301,74.09588196613907,4.86
8.008510819423877,3,8.80314762148927,57.8103284343311,78.18640865310526,5.48
5.229905772494925,6,6.234059581594401,81.79701634133554,94.87842080795167,8.95
5.75888638156608,2,5.693773611822827,79.96510580697189,64.73260597994991,8.05
9.37801491112672,6,6.2066047982458405,58.96780051446205,83.64096158677489,8.34
4.078011541064416,5,2.0131210782243327,85.25695727852818,73.86003382349654,10.65
4.513051185126809,5,3.951377432643186,72.75859958668282,64.6553429617565,8.61
5.247317530876164,1,0.3945953289089932,83.38802958015765,65.55578671810083,10.54
4.1591932232429185,3,4.7554603748682664,91.86835398850754,93.2245587185966,9.37
5.088612610538783,2,5.4302458395766315,58.48642142884616,90.78605238491167,5.77
7.498249365818153,2,2.277497361032096,50.957243399841836,91.74646861452577,7.56
6.528547303554988,4,9.640288471655138,88.95512931978934,94.70364715395853,7.89
9.356030266461849,4,9.09454610937242,80.4848712576308,67.29103865029813,8.44
8.904661370430645,6,7.221432354559059,84.98197848110608,72.44037680774215,10.25
6.050904110187256,2,5.333866287653626,91.90774874943213,83.42266604737034,9.54
5.556540600587755,6,8.69969159647685,90.14054674122502,76.93308889512265,8.69
6.278154449003601,6,1.3065234382346291,98.04600734644123,74.64363366824168,13.46
7.541769655088847,4,7.90509794274885,76.7967539426059,72.52339372674575,7.94
5.6083818449372576,3,1.248208139668483,74.42478163299526,80.78232211802083,9.96
7.744893447094804,6,7.942106625494054,70.0943599945365,80.14577000240287,7.94
6.456469913147442,0,2.7576756825135695,57.68455214221023,65.6510241922484,6.97
7.312283085111881,3,8.770905810181889,78.63036164410113,76.51089431314537,7.3
6.6167591748119,2,9.440420938253979,63.85062621629894,79.37151216734475,4.91
5.766794557251506,2,1.4879596940511564,96.06537561064877,79.96004285559866,11.77
9.690719841772939,6,4.626756050653935,79.15954021385488,67.35375175193231,11.28
8.581634764958565,3,9.809873781626852,79.64200902540551,85.97949872883004,7.39
4.8406790545987155,4,4.834074359731466,67.74623304385051,60.881968318737435,7.49
9.210807855387477,4,8.635475225145452,52.599467598885376,72.41911494401069,5.83
6.924587189497082,5,5.887315221313198,51.58718826864943,87.30744269874717,6.48
9.367313361364548,2,3.753299079196019,71.16675720765987,79.73625223693908,9.59
8.799131535683891,1,2.857835555258702,54.22826890486189,69.14068513788011,7.81
6.551281026815401,5,2.0322309108608727,80.34234777700695,84.32335917700667,11.14
4.134815849920704,4,7.617981913776973,94.04865028198287,79.85868304546257,8.45
5.6120641563096765,3,3.8654050682302787,94.14574082593612,87.86852633097355,10.63
7.249805287965201,4,5.112754622007511,82.95227050661163,85.72588151664382,9.84
7.800869318956884,3,4.9232548000118195,60.56159157364655,81.35377727126821,7.61
5.5473261125992135,5,5.772790292331313,93.14984156794361,77.0862186358785,10.15
4.836136444436945,2,8.655771456245523,94.3046717656604,64.66137439836332,7.64
9.009581420795794,4,9.807393435834294,59.83267924764793,69.14665562598843,5.88
9.906413084221313,6,4.075842085738169,86.87130428853386,74.66848155209799,12.41
7.154141093816115,3,8.27518922106303,64.32597744635615,80.9754750452236,6.06
5.030075715089821,2,7.645277946547177,90.13201561764649,77.97977493253566,7.8
5.633843959116214,1,5.735289514555733,99.86189499518014,70.08645840858352,9.67
4.110344059284801,3,9.56047143611933,51.50130026646964,60.22625252263987,2.91
9.485792839362993,5,2.004745155284028,94.86829328954659,77.3683727665285,13.78
4.706506497340847,1,1.0926421030962141,81.1315266799329,69.9969095996785,9.75
7.459098853085521,1,8.539619669554222,98.66913095824106,85.71129052486873,8.88
5.644331324123236,0,4.391498166337483,73.25047587632139,60.83811928446692,7.39
7.325068015094761,4,8.469688542070605,92.36939652856869,80.46897339570268,9.13
7.908522330111185,3,8.930902051954149,53.11970342991386,92.95159831271229,4.91
8.978450822243211,1,0.6245759361907144,66.7639525039148,66.10432434890248,10.26
5.2385276305636195,0,8.834647629860607,53.3508268875605,76.50773217627084,3.01
4.065974971950883,5,4.483190553694222,98.76715667395354,63.199769713599835,10.76
4.821313780412844,2,5.104324890042323,90.84869536359184,81.89886692914735,9.06
9.400111851088631,6,6.265925110932102,92.62737106229852,79.2686088208679,11.69
9.243340465375091,6,9.263826067300867,96.89826157169472,74.25779334744914,10.56
7.58447861302185,3,0.1911609442976403,54.25517430598927,78.24819575158094,9.26
7.60310116260192,1,4.768434683178171,69.27987962566667,91.38011304641536,7.89
7.990220047277533,6,6.877220424305607,53.551744452200104,66.87030058088735,6.91
5.052227671740697,4,7.227069576982284,60.53965507750143,60.789757909687154,5.66
9.486471675549758,6,6.92532431537108,61.468288851883614,90.15827096446853,8.28
6.5126231493524385,6,1.3443512940812186,73.45536055237893,80.19909788357673,11.08
6.298831169496985,6,2.9939558837168123,63.42810837268213,91.17304594116449,9.17
7.113506231697025,0,3.587155254170135,55.048905340888055,80.89308281946104,6.56
4.281795800650331,1,8.04437207679505,58.37455445470539,88.35563814858959,3.83
4.9977002125364764,4,2.7875987241455302,57.363778177604544,75.03856771743018,7.54
8.428201698558222,1,2.1070496386720317,98.65383989561491,86.2450975950894,12.48
4.496792007550759,3,9.574480190380962,87.96462534592368,91.95645134114496,6.71
7.618912656798329,3,0.088632851134689,98.3880732634781,80.02430373027721,13.74
5.472094658087926,3,9.978208556819782,71.98702432539542,66.32748026968328,5.3
6.335773684251859,5,6.768212988573956,63.918424083132834,69.40791652605694,7.04
5.732162420624199,6,8.28469299449117,89.91465986045932,66.9525601914092,8.94
6.134036298789695,5,2.9461939634619316,66.31269590205734,68.63999596585066,9.11
8.314275431105473,0,0.14315277667059978,64.96916868526742,70.72454072728627,9.75
5.78273029373905,3,7.3786951856153005,61.62529961039156,79.4296825363616,5.69
7.398427841781383,4,8.341445970006758,56.48394891121177,80.57970703123415,5.64
6.856302413194598,1,7.404761319535192,62.8231530508383,74.92749115346514,5.62
7.982026992175889,6,1.428502873008386,67.76598742369438,81.53972729372924,11.06
9.620978435948548,2,7.53427922256969,83.69971040728652,62.85512239639781,9.05
8.395432583261503,4,7.689227821076409,53.12824211097258,63.0725882970356,6.03
5.28964227154454,6,6.585405156700549,60.52534698326715,66.01403111251804,6.68
4.187098810367708,5,7.661159327955862,90.45118201458382,78.13271243141207,8.39
5.57358426579895,5,8.459214396777321,57.346096179188535,67.48981375444097,5.23
7.570467584201529,4,6.136041142374584,67.13225732612608,69.9149541222402,7.87
4.308554880905502,5,0.8860471396967906,93.23294609290701,74.0109492660548,12.1
6.978197483207418,3,4.876278096672109,57.74626555717213,88.4153143403633,7.03
7.581057093501335,0,0.7764933467160506,54.13684178090949,60.4851747569501,8.06
6.005463344901765,1,4.075430310324308,74.22689975400054,82.72825870828179,8.09
8.62547322247493,0,4.071064891256277,65.12097556392682,83.41067858642398,7.93
4.639589518802631,6,0.6600984414024158,78.1704182241927,87.95295231248228,11.14
4.450826690414853,1,3.488205339694793,90.19024452417375,92.64635286711096,9.36
8.36913253722162,1,1.1099809879131484,56.857424407637154,60.70482471322514,8.78
6.972947897237191,0,8.082352100092221,79.03495422771425,65.38242969296256,6.65
8.130414378566417,4,9.476880259644707,75.2754380194932,91.01599529195975,7.24
6.608964031622477,1,0.7231647525793861,57.20393930065998,76.04814967654553,8.3
5.478412199434641,0,9.551152072917015,81.19992427644912,79.76067236267122,5.54
8.914613906045197,1,5.225765993367451,63.68202089303858,83.20595213031015,7.62
8.796495273813875,2,2.9956567795387388,74.39171592720062,83.76733115734731,10.06
8.16817882512656,4,0.7686207527616351,54.11361621385309,92.6109141160778,9.49
5.632870823379776,3,5.006242680704178,72.97920286068116,94.89322960940844,7.95
7.541384001214523,1,7.945155444907487,65.32317340214101,85.20551113258291,5.88
6.165843381640161,2,7.070864772666981,91.11906055926772,70.05274232218028,8.64
4.5494924399598045,3,0.5022601146397376,52.84893634986842,90.79133408030202,7.75
9.503881452773456,3,0.7290183536790351,70.9303637459165,61.722732008926656,11.43
4.820911785513768,6,4.028732826326371,72.9215712065719,68.08782985060736,9.01
9.701424122924815,1,2.9529049404794327,86.25030381495594,91.40850011123001,11.33
6.676034637747734,0,2.3238432305604784,78.71437875451055,68.96670300537743,9.38
